{
    "errors": [],
    "fails": [],
    "findings": [
        {
            "confidence": "High",
            "filename": "/home/sorbajit/Downloads/smartbugs-curated-main/Meta-AI-Output-Arithmetic/Code0003.sol",
            "impact": "Informational",
            "message": "solc-0.8.27 is not recommended for deployment\n",
            "name": "solc-version"
        },
        {
            "confidence": "High",
            "filename": "/home/sorbajit/Downloads/smartbugs-curated-main/Meta-AI-Output-Arithmetic/Code0003.sol",
            "impact": "Informational",
            "line": 2,
            "message": "Pragma version^0.8.0 (Code0003.sol#2) allows old versions\n",
            "name": "solc-version"
        },
        {
            "confidence": "High",
            "filename": "/home/sorbajit/Downloads/smartbugs-curated-main/Meta-AI-Output-Arithmetic/Code0003.sol",
            "impact": "Optimization",
            "line": 14,
            "message": "ERC20Token.totalSupply (Code0003.sol#14) should be immutable \n",
            "name": "immutable-states"
        }
    ],
    "infos": [],
    "parser": {
        "id": "slither-0.10.0",
        "mode": "solidity",
        "version": "2024/04/30"
    }
}
