{
    "errors": [],
    "fails": [],
    "findings": [
        {
            "confidence": "High",
            "filename": "/home/sorbajit/Downloads/smartbugs-curated-main/Meta-AI-Output-Arithmetic/Code0005.sol",
            "impact": "Informational",
            "message": "solc-0.8.27 is not recommended for deployment\n",
            "name": "solc-version"
        },
        {
            "confidence": "High",
            "filename": "/home/sorbajit/Downloads/smartbugs-curated-main/Meta-AI-Output-Arithmetic/Code0005.sol",
            "impact": "Informational",
            "line": 2,
            "message": "Pragma version^0.8.0 (Code0005.sol#2) allows old versions\n",
            "name": "solc-version"
        },
        {
            "confidence": "Medium",
            "contract": "StockMarket",
            "filename": "/home/sorbajit/Downloads/smartbugs-curated-main/Meta-AI-Output-Arithmetic/Code0005.sol",
            "function": "sellShares",
            "impact": "Informational",
            "line": 54,
            "line_end": 60,
            "message": "Reentrancy in StockMarket.sellShares(address,string,uint256) (Code0005.sol#54-60):\n\tExternal calls:\n\t- address(msg.sender).transfer(amount * companies[company][symbol].currentStockPrice) (Code0005.sol#58)\n\tEvent emitted after the call(s):\n\t- TransferShares(msg.sender,address(0),company,symbol,amount) (Code0005.sol#59)\n",
            "name": "reentrancy-unlimited-gas"
        },
        {
            "confidence": "Medium",
            "contract": "StockMarket",
            "filename": "/home/sorbajit/Downloads/smartbugs-curated-main/Meta-AI-Output-Arithmetic/Code0005.sol",
            "function": "buyShares",
            "impact": "Informational",
            "line": 44,
            "line_end": 51,
            "message": "Reentrancy in StockMarket.buyShares(address,string,uint256) (Code0005.sol#44-51):\n\tExternal calls:\n\t- address(company).transfer(amount * companies[company][symbol].currentStockPrice) (Code0005.sol#49)\n\tEvent emitted after the call(s):\n\t- TransferShares(address(0),msg.sender,company,symbol,amount) (Code0005.sol#50)\n",
            "name": "reentrancy-unlimited-gas"
        }
    ],
    "infos": [],
    "parser": {
        "id": "slither-0.10.0",
        "mode": "solidity",
        "version": "2024/04/30"
    }
}
