{
    "errors": [],
    "fails": [],
    "findings": [
        {
            "confidence": "High",
            "contract": "Bank",
            "filename": "/home/sorbajit/Downloads/smartbugs-curated-main/Meta-AI-Output-Arithmetic/Code0010.sol",
            "function": "transfer",
            "impact": "Medium",
            "line": 4,
            "line_end": 47,
            "message": "Bank (Code0010.sol#4-47) has incorrect ERC20 function interface:Bank.transfer(address,uint256) (Code0010.sol#25-31)\n",
            "name": "erc20-interface"
        },
        {
            "confidence": "High",
            "filename": "/home/sorbajit/Downloads/smartbugs-curated-main/Meta-AI-Output-Arithmetic/Code0010.sol",
            "impact": "Informational",
            "message": "solc-0.8.27 is not recommended for deployment\n",
            "name": "solc-version"
        },
        {
            "confidence": "High",
            "filename": "/home/sorbajit/Downloads/smartbugs-curated-main/Meta-AI-Output-Arithmetic/Code0010.sol",
            "impact": "Informational",
            "line": 2,
            "message": "Pragma version^0.8.0 (Code0010.sol#2) allows old versions\n",
            "name": "solc-version"
        },
        {
            "confidence": "Medium",
            "contract": "Bank",
            "filename": "/home/sorbajit/Downloads/smartbugs-curated-main/Meta-AI-Output-Arithmetic/Code0010.sol",
            "function": "withdraw",
            "impact": "Informational",
            "line": 34,
            "line_end": 40,
            "message": "Reentrancy in Bank.withdraw(uint256) (Code0010.sol#34-40):\n\tExternal calls:\n\t- address(msg.sender).transfer(amount) (Code0010.sol#38)\n\tEvent emitted after the call(s):\n\t- Withdrawal(msg.sender,amount) (Code0010.sol#39)\n",
            "name": "reentrancy-unlimited-gas"
        }
    ],
    "infos": [],
    "parser": {
        "id": "slither-0.10.0",
        "mode": "solidity",
        "version": "2024/04/30"
    }
}
