{
    "docker": {
        "command": null,
        "detach": true,
        "entrypoint": "'/sb/bin/do_solidity.sh' '/sb/CodeR0009.sol' '0' '/sb/bin'",
        "image": "smartbugs/slither:0.10.0",
        "user": 0,
        "volumes": {
            "/tmp/tmp7per6444": {
                "bind": "/sb",
                "mode": "rw"
            }
        }
    },
    "filename": "/home/sorbajit/Downloads/smartbugs-curated-main/Codellama_fine_Output_Ren/CodeR0009.sol",
    "platform": {
        "cpu": "Intel(R) Core(TM) i5-10500 CPU @ 3.10GHz",
        "python": "3.10.12.final.0 (64 bit)",
        "release": "6.8.0-40-generic",
        "smartbugs": "2.0.10",
        "system": "Linux",
        "version": "#40~22.04.3-Ubuntu SMP PREEMPT_DYNAMIC Tue Jul 30 17:30:19 UTC 2"
    },
    "result": {
        "duration": 0.808934211730957,
        "exit_code": 255,
        "logs": "result.log",
        "output": "result.tar",
        "start": 1727187654.2947052
    },
    "runid": "20240924_1420",
    "solc": "0.4.26",
    "tool": {
        "bin": "scripts",
        "command": null,
        "cpu_quota": null,
        "entrypoint": "'$BIN/do_solidity.sh' '$FILENAME' '$TIMEOUT' '$BIN'",
        "id": "slither-0.10.0",
        "image": "smartbugs/slither:0.10.0",
        "info": "Slither is a Solidity static analysis framework written in Python 3. It runs a suite of vulnerability detectors and prints visual information about contract details. Slither enables developers to find vulnerabilities, enhance their code comphrehension, and quickly prototype custom analyses.",
        "mem_limit": null,
        "mode": "solidity",
        "name": "Slither",
        "origin": "https://github.com/crytic/slither",
        "output": "/output.json",
        "parser": "parser.py",
        "solc": true,
        "version": "0.10.0"
    }
}
