{
    "errors": [],
    "fails": [],
    "findings": [
        {
            "confidence": "High",
            "filename": "/home/sorbajit/Downloads/smartbugs-curated-main/Meta-AI-Output-Arithmetic/Code0006.sol",
            "impact": "Informational",
            "message": "solc-0.8.27 is not recommended for deployment\n",
            "name": "solc-version"
        },
        {
            "confidence": "High",
            "filename": "/home/sorbajit/Downloads/smartbugs-curated-main/Meta-AI-Output-Arithmetic/Code0006.sol",
            "impact": "Informational",
            "line": 2,
            "message": "Pragma version^0.8.0 (Code0006.sol#2) allows old versions\n",
            "name": "solc-version"
        },
        {
            "confidence": "Medium",
            "contract": "ERC20Token",
            "filename": "/home/sorbajit/Downloads/smartbugs-curated-main/Meta-AI-Output-Arithmetic/Code0006.sol",
            "function": "sellTokens",
            "impact": "Informational",
            "line": 69,
            "line_end": 77,
            "message": "Reentrancy in ERC20Token.sellTokens(uint256) (Code0006.sol#69-77):\n\tExternal calls:\n\t- address(msg.sender).transfer(etherAmount) (Code0006.sol#74)\n\tEvent emitted after the call(s):\n\t- Transfer(msg.sender,address(this),amount) (Code0006.sol#75)\n",
            "name": "reentrancy-unlimited-gas"
        },
        {
            "confidence": "High",
            "filename": "/home/sorbajit/Downloads/smartbugs-curated-main/Meta-AI-Output-Arithmetic/Code0006.sol",
            "impact": "Optimization",
            "line": 14,
            "message": "ERC20Token.totalSupply (Code0006.sol#14) should be immutable \n",
            "name": "immutable-states"
        },
        {
            "confidence": "High",
            "filename": "/home/sorbajit/Downloads/smartbugs-curated-main/Meta-AI-Output-Arithmetic/Code0006.sol",
            "impact": "Optimization",
            "line": 15,
            "message": "ERC20Token.tokenPrice (Code0006.sol#15) should be immutable \n",
            "name": "immutable-states"
        }
    ],
    "infos": [],
    "parser": {
        "id": "slither-0.10.0",
        "mode": "solidity",
        "version": "2024/04/30"
    }
}
