{
    "errors": [],
    "fails": [],
    "findings": [
        {
            "confidence": "High",
            "contract": "ERC721Token",
            "filename": "/home/sorbajit/Downloads/smartbugs-curated-main/Meta-AI-Output-Arithmetic/Code0009.sol",
            "function": "transferFrom",
            "impact": "Medium",
            "line": 4,
            "line_end": 91,
            "message": "ERC721Token (Code0009.sol#4-91) has incorrect ERC20 function interface:ERC721Token.transferFrom(address,address,uint256) (Code0009.sol#57-64)\n",
            "name": "erc20-interface"
        },
        {
            "confidence": "High",
            "contract": "ERC721Token",
            "filename": "/home/sorbajit/Downloads/smartbugs-curated-main/Meta-AI-Output-Arithmetic/Code0009.sol",
            "function": "approve",
            "impact": "Medium",
            "line": 4,
            "line_end": 91,
            "message": "ERC721Token (Code0009.sol#4-91) has incorrect ERC20 function interface:ERC721Token.approve(address,uint256) (Code0009.sol#45-49)\n",
            "name": "erc20-interface"
        },
        {
            "confidence": "High",
            "filename": "/home/sorbajit/Downloads/smartbugs-curated-main/Meta-AI-Output-Arithmetic/Code0009.sol",
            "impact": "Informational",
            "message": "solc-0.8.27 is not recommended for deployment\n",
            "name": "solc-version"
        },
        {
            "confidence": "High",
            "filename": "/home/sorbajit/Downloads/smartbugs-curated-main/Meta-AI-Output-Arithmetic/Code0009.sol",
            "impact": "Informational",
            "line": 2,
            "message": "Pragma version^0.8.0 (Code0009.sol#2) allows old versions\n",
            "name": "solc-version"
        },
        {
            "confidence": "High",
            "filename": "/home/sorbajit/Downloads/smartbugs-curated-main/Meta-AI-Output-Arithmetic/Code0009.sol",
            "impact": "Informational",
            "line": 52,
            "message": "Parameter ERC721Token.allowance(address,address)._owner (Code0009.sol#52) is not in mixedCase\n",
            "name": "naming-convention"
        },
        {
            "confidence": "High",
            "filename": "/home/sorbajit/Downloads/smartbugs-curated-main/Meta-AI-Output-Arithmetic/Code0009.sol",
            "impact": "Informational",
            "line": 52,
            "message": "Parameter ERC721Token.allowance(address,address)._spender (Code0009.sol#52) is not in mixedCase\n",
            "name": "naming-convention"
        },
        {
            "confidence": "Medium",
            "contract": "ERC721Token",
            "filename": "/home/sorbajit/Downloads/smartbugs-curated-main/Meta-AI-Output-Arithmetic/Code0009.sol",
            "function": "sellTokens",
            "impact": "Informational",
            "line": 79,
            "line_end": 89,
            "message": "Reentrancy in ERC721Token.sellTokens(uint256) (Code0009.sol#79-89):\n\tExternal calls:\n\t- address(msg.sender).transfer(etherAmount) (Code0009.sol#87)\n\tEvent emitted after the call(s):\n\t- Transfer(msg.sender,address(0),amount) (Code0009.sol#88)\n",
            "name": "reentrancy-unlimited-gas"
        },
        {
            "confidence": "High",
            "filename": "/home/sorbajit/Downloads/smartbugs-curated-main/Meta-AI-Output-Arithmetic/Code0009.sol",
            "impact": "Optimization",
            "line": 18,
            "message": "ERC721Token.tokenPrice (Code0009.sol#18) should be immutable \n",
            "name": "immutable-states"
        }
    ],
    "infos": [],
    "parser": {
        "id": "slither-0.10.0",
        "mode": "solidity",
        "version": "2024/04/30"
    }
}
